https://robot-reasoning-proactive-task-navigation.streamlit.app/?bundle=P001,1
https://robot-reasoning-proactive-task-navigation.streamlit.app/?bundle=P002,1
https://robot-reasoning-proactive-task-navigation.streamlit.app/?bundle=P003,1
https://robot-reasoning-proactive-task-navigation.streamlit.app/?bundle=P004,1
https://robot-reasoning-proactive-task-navigation.streamlit.app/?bundle=P005,1
https://robot-reasoning-proactive-task-navigation.streamlit.app/?bundle=P006,1
https://robot-reasoning-proactive-task-navigation.streamlit.app/?bundle=P007,1
https://robot-reasoning-proactive-task-navigation.streamlit.app/?bundle=P008,1
https://robot-reasoning-proactive-task-navigation.streamlit.app/?bundle=P009,1
https://robot-reasoning-proactive-task-navigation.streamlit.app/?bundle=P010,1
https://robot-reasoning-proactive-task-navigation.streamlit.app/?bundle=P011,1
https://robot-reasoning-proactive-task-navigation.streamlit.app/?bundle=P012,1
https://robot-reasoning-proactive-task-navigation.streamlit.app/?bundle=P013,1
https://robot-reasoning-proactive-task-navigation.streamlit.app/?bundle=P014,1
https://robot-reasoning-proactive-task-navigation.streamlit.app/?bundle=P015,1
https://robot-reasoning-proactive-task-navigation.streamlit.app/?bundle=P016,1
https://robot-reasoning-proactive-task-navigation.streamlit.app/?bundle=P017,1
https://robot-reasoning-proactive-task-navigation.streamlit.app/?bundle=P018,1
https://robot-reasoning-proactive-task-navigation.streamlit.app/?bundle=P019,1
https://robot-reasoning-proactive-task-navigation.streamlit.app/?bundle=P020,1
https://robot-reasoning-proactive-task-navigation.streamlit.app/?bundle=P021,1
https://robot-reasoning-proactive-task-navigation.streamlit.app/?bundle=P022,1
https://robot-reasoning-proactive-task-navigation.streamlit.app/?bundle=P023,1
https://robot-reasoning-proactive-task-navigation.streamlit.app/?bundle=P024,1
https://robot-reasoning-proactive-task-navigation.streamlit.app/?bundle=P025,1
https://robot-reasoning-proactive-task-navigation.streamlit.app/?bundle=P026,1
https://robot-reasoning-proactive-task-navigation.streamlit.app/?bundle=P027,1
https://robot-reasoning-proactive-task-navigation.streamlit.app/?bundle=P028,1
https://robot-reasoning-proactive-task-navigation.streamlit.app/?bundle=P029,1
https://robot-reasoning-proactive-task-navigation.streamlit.app/?bundle=P030,1
https://robot-reasoning-proactive-task-navigation.streamlit.app/?bundle=P031,1
https://robot-reasoning-proactive-task-navigation.streamlit.app/?bundle=P032,1
https://robot-reasoning-proactive-task-navigation.streamlit.app/?bundle=P033,1
https://robot-reasoning-proactive-task-navigation.streamlit.app/?bundle=P034,1
https://robot-reasoning-proactive-task-navigation.streamlit.app/?bundle=P035,1
https://robot-reasoning-proactive-task-navigation.streamlit.app/?bundle=P036,1
https://robot-reasoning-proactive-task-navigation.streamlit.app/?bundle=P037,1
https://robot-reasoning-proactive-task-navigation.streamlit.app/?bundle=P038,1
https://robot-reasoning-proactive-task-navigation.streamlit.app/?bundle=P039,1
https://robot-reasoning-proactive-task-navigation.streamlit.app/?bundle=P040,1
https://robot-reasoning-proactive-task-navigation.streamlit.app/?bundle=P041,1
https://robot-reasoning-proactive-task-navigation.streamlit.app/?bundle=P042,1
https://robot-reasoning-proactive-task-navigation.streamlit.app/?bundle=P043,1
https://robot-reasoning-proactive-task-navigation.streamlit.app/?bundle=P044,1
https://robot-reasoning-proactive-task-navigation.streamlit.app/?bundle=P045,1
https://robot-reasoning-proactive-task-navigation.streamlit.app/?bundle=P046,1
https://robot-reasoning-proactive-task-navigation.streamlit.app/?bundle=P047,1
https://robot-reasoning-proactive-task-navigation.streamlit.app/?bundle=P048,1
https://robot-reasoning-proactive-task-navigation.streamlit.app/?bundle=P049,1
https://robot-reasoning-proactive-task-navigation.streamlit.app/?bundle=P050,1
https://robot-reasoning-proactive-task-navigation.streamlit.app/?bundle=P051,1
https://robot-reasoning-proactive-task-navigation.streamlit.app/?bundle=P052,1
https://robot-reasoning-proactive-task-navigation.streamlit.app/?bundle=P053,1
https://robot-reasoning-proactive-task-navigation.streamlit.app/?bundle=P054,1
https://robot-reasoning-proactive-task-navigation.streamlit.app/?bundle=P055,1
https://robot-reasoning-proactive-task-navigation.streamlit.app/?bundle=P056,1
https://robot-reasoning-proactive-task-navigation.streamlit.app/?bundle=P057,1
https://robot-reasoning-proactive-task-navigation.streamlit.app/?bundle=P058,1
https://robot-reasoning-proactive-task-navigation.streamlit.app/?bundle=P059,1
https://robot-reasoning-proactive-task-navigation.streamlit.app/?bundle=P060,1
https://robot-reasoning-proactive-task-navigation.streamlit.app/?bundle=P061,1
https://robot-reasoning-proactive-task-navigation.streamlit.app/?bundle=P062,1
https://robot-reasoning-proactive-task-navigation.streamlit.app/?bundle=P063,1
https://robot-reasoning-proactive-task-navigation.streamlit.app/?bundle=P064,1
https://robot-reasoning-proactive-task-navigation.streamlit.app/?bundle=P065,1
