participant_id,url,places
P001,https://robot-reasoning-proactive-task-navigation.streamlit.app/?bundle=P001,1
P002,https://robot-reasoning-proactive-task-navigation.streamlit.app/?bundle=P002,1
P003,https://robot-reasoning-proactive-task-navigation.streamlit.app/?bundle=P003,1
P004,https://robot-reasoning-proactive-task-navigation.streamlit.app/?bundle=P004,1
P005,https://robot-reasoning-proactive-task-navigation.streamlit.app/?bundle=P005,1
P006,https://robot-reasoning-proactive-task-navigation.streamlit.app/?bundle=P006,1
P007,https://robot-reasoning-proactive-task-navigation.streamlit.app/?bundle=P007,1
P008,https://robot-reasoning-proactive-task-navigation.streamlit.app/?bundle=P008,1
P009,https://robot-reasoning-proactive-task-navigation.streamlit.app/?bundle=P009,1
P010,https://robot-reasoning-proactive-task-navigation.streamlit.app/?bundle=P010,1
P011,https://robot-reasoning-proactive-task-navigation.streamlit.app/?bundle=P011,1
P012,https://robot-reasoning-proactive-task-navigation.streamlit.app/?bundle=P012,1
P013,https://robot-reasoning-proactive-task-navigation.streamlit.app/?bundle=P013,1
P014,https://robot-reasoning-proactive-task-navigation.streamlit.app/?bundle=P014,1
P015,https://robot-reasoning-proactive-task-navigation.streamlit.app/?bundle=P015,1
P016,https://robot-reasoning-proactive-task-navigation.streamlit.app/?bundle=P016,1
P017,https://robot-reasoning-proactive-task-navigation.streamlit.app/?bundle=P017,1
P018,https://robot-reasoning-proactive-task-navigation.streamlit.app/?bundle=P018,1
P019,https://robot-reasoning-proactive-task-navigation.streamlit.app/?bundle=P019,1
P020,https://robot-reasoning-proactive-task-navigation.streamlit.app/?bundle=P020,1
P021,https://robot-reasoning-proactive-task-navigation.streamlit.app/?bundle=P021,1
P022,https://robot-reasoning-proactive-task-navigation.streamlit.app/?bundle=P022,1
P023,https://robot-reasoning-proactive-task-navigation.streamlit.app/?bundle=P023,1
P024,https://robot-reasoning-proactive-task-navigation.streamlit.app/?bundle=P024,1
P025,https://robot-reasoning-proactive-task-navigation.streamlit.app/?bundle=P025,1
P026,https://robot-reasoning-proactive-task-navigation.streamlit.app/?bundle=P026,1
P027,https://robot-reasoning-proactive-task-navigation.streamlit.app/?bundle=P027,1
P028,https://robot-reasoning-proactive-task-navigation.streamlit.app/?bundle=P028,1
P029,https://robot-reasoning-proactive-task-navigation.streamlit.app/?bundle=P029,1
P030,https://robot-reasoning-proactive-task-navigation.streamlit.app/?bundle=P030,1
P031,https://robot-reasoning-proactive-task-navigation.streamlit.app/?bundle=P031,1
P032,https://robot-reasoning-proactive-task-navigation.streamlit.app/?bundle=P032,1
P033,https://robot-reasoning-proactive-task-navigation.streamlit.app/?bundle=P033,1
P034,https://robot-reasoning-proactive-task-navigation.streamlit.app/?bundle=P034,1
P035,https://robot-reasoning-proactive-task-navigation.streamlit.app/?bundle=P035,1
P036,https://robot-reasoning-proactive-task-navigation.streamlit.app/?bundle=P036,1
P037,https://robot-reasoning-proactive-task-navigation.streamlit.app/?bundle=P037,1
P038,https://robot-reasoning-proactive-task-navigation.streamlit.app/?bundle=P038,1
P039,https://robot-reasoning-proactive-task-navigation.streamlit.app/?bundle=P039,1
P040,https://robot-reasoning-proactive-task-navigation.streamlit.app/?bundle=P040,1
P041,https://robot-reasoning-proactive-task-navigation.streamlit.app/?bundle=P041,1
P042,https://robot-reasoning-proactive-task-navigation.streamlit.app/?bundle=P042,1
P043,https://robot-reasoning-proactive-task-navigation.streamlit.app/?bundle=P043,1
P044,https://robot-reasoning-proactive-task-navigation.streamlit.app/?bundle=P044,1
P045,https://robot-reasoning-proactive-task-navigation.streamlit.app/?bundle=P045,1
P046,https://robot-reasoning-proactive-task-navigation.streamlit.app/?bundle=P046,1
P047,https://robot-reasoning-proactive-task-navigation.streamlit.app/?bundle=P047,1
P048,https://robot-reasoning-proactive-task-navigation.streamlit.app/?bundle=P048,1
P049,https://robot-reasoning-proactive-task-navigation.streamlit.app/?bundle=P049,1
P050,https://robot-reasoning-proactive-task-navigation.streamlit.app/?bundle=P050,1
P051,https://robot-reasoning-proactive-task-navigation.streamlit.app/?bundle=P051,1
P052,https://robot-reasoning-proactive-task-navigation.streamlit.app/?bundle=P052,1
P053,https://robot-reasoning-proactive-task-navigation.streamlit.app/?bundle=P053,1
P054,https://robot-reasoning-proactive-task-navigation.streamlit.app/?bundle=P054,1
P055,https://robot-reasoning-proactive-task-navigation.streamlit.app/?bundle=P055,1
P056,https://robot-reasoning-proactive-task-navigation.streamlit.app/?bundle=P056,1
P057,https://robot-reasoning-proactive-task-navigation.streamlit.app/?bundle=P057,1
P058,https://robot-reasoning-proactive-task-navigation.streamlit.app/?bundle=P058,1
P059,https://robot-reasoning-proactive-task-navigation.streamlit.app/?bundle=P059,1
P060,https://robot-reasoning-proactive-task-navigation.streamlit.app/?bundle=P060,1
P061,https://robot-reasoning-proactive-task-navigation.streamlit.app/?bundle=P061,1
P062,https://robot-reasoning-proactive-task-navigation.streamlit.app/?bundle=P062,1
P063,https://robot-reasoning-proactive-task-navigation.streamlit.app/?bundle=P063,1
P064,https://robot-reasoning-proactive-task-navigation.streamlit.app/?bundle=P064,1
P065,https://robot-reasoning-proactive-task-navigation.streamlit.app/?bundle=P065,1
